earthquake_id,latitude,longitude,depth,predicted_latitude,predicted_longitude,predicted_depth,predicted_magnitude,predicted_time,prediction_timestamp,predicted_earthquake_id,prediction_correct
us7000q9cc,-29.7094,-71.2858,52.815,-29.711432,-70.77326,43.221985,4.289654,2025-06-29 09:08:17,2025-06-28,,False
us7000q91q,-21.4523,-67.0445,231.853,-22.175304,-67.503975,181.84674,4.294641,2025-06-28 07:45:29,2025-06-28,,False
us7000q8sg,-19.4544,-70.2198,38.372,-20.793558,-69.38596,33.180695,4.2355013,2025-06-27 03:30:45,2025-06-28,,False
us7000q8li,-24.0539,-67.0287,180.716,-24.431847,-67.798706,147.91199,4.2695,2025-06-27 00:03:24,2025-06-28,,False
us7000q8js,-21.2925,-67.1463,189.268,-22.041744,-67.56776,152.37924,4.2824697,2025-06-25 17:59:00,2025-06-28,,False
us7000q8di,-22.2373,-67.3373,179.006,-22.959263,-67.87936,141.94601,4.3390503,2025-06-25 02:10:00,2025-06-28,,False
us7000q8cu,-31.6275,-72.6887,10.0,-31.365725,-71.65773,9.8439245,4.3483567,2025-06-25 04:24:02,2025-06-28,,False
us7000q8bz,-29.3033,-71.7416,29.852,-29.225298,-71.08087,24.745363,4.2699404,2025-06-25 17:27:21,2025-06-28,,False
us7000q8bc,-29.2802,-68.355,45.766,-29.49567,-68.25051,35.957882,4.815157,2025-06-25 01:05:06,2025-06-28,,False
us7000q89v,-23.8819,-67.705,151.402,-24.35588,-68.18241,125.46889,4.254698,2025-06-24 16:36:59,2025-06-28,,False
us6000qlvt,-22.9878,-68.5464,119.065,-23.644814,-68.609886,107.053345,4.263051,2025-06-23 20:27:31,2025-06-28,,False
us6000qlv9,-38.0792,-73.991,10.0,-36.451557,-72.65114,9.886861,4.3242903,2025-06-23 19:36:26,2025-06-28,,False
us6000qlug,-21.7499,-68.8665,137.089,-22.586199,-68.60685,116.53618,4.2681046,2025-06-23 16:55:00,2025-06-28,,False
us6000qlu1,-21.6187,-68.5526,136.46,-22.513905,-68.52282,116.3405,4.252761,2025-06-23 12:48:00,2025-06-28,,False
us6000qlti,-31.7111,-69.3541,117.643,-31.163801,-69.60397,95.9047,4.3068447,2025-06-23 09:22:05,2025-06-28,,False
us6000qlq4,-36.5046,-73.065,35.0,-34.923153,-72.098,27.410904,4.29078,2025-06-22 23:09:24,2025-06-28,,False
us6000qll6,-33.6379,-70.4187,106.637,-32.547146,-70.425545,91.0166,4.2910795,2025-06-22 03:03:45,2025-06-28,,False
us6000qldc,-20.7719,-69.1638,102.12,-21.77161,-68.74306,95.25539,4.262536,2025-06-20 21:55:58,2025-06-28,,False
us6000ql6l,-32.3933,-68.1096,151.29,-31.701002,-68.92898,119.65404,4.3055973,2025-06-20 00:37:57,2025-06-28,,False
us6000ql4b,-22.6654,-66.3131,243.044,-23.43276,-67.54626,194.89426,4.2556295,2025-06-19 19:40:16,2025-06-28,,False
us6000qkzc,-28.0133,-66.7495,169.34,-28.029634,-67.451645,147.47852,4.2695208,2025-06-19 05:56:26,2025-06-28,,False
us6000qkr2,-23.9577,-66.6589,195.267,-24.349941,-67.46069,158.70157,4.283987,2025-06-17 22:14:08,2025-06-28,,False
us6000qkqk,-20.7698,-69.7412,49.405,-21.75397,-68.70181,46.568058,3.8736882,2025-06-17 22:29:02,2025-06-28,,False
us6000qkjx,-22.9908,-66.1365,256.247,-23.63179,-67.23548,199.67322,4.2974033,2025-06-17 03:41:12,2025-06-28,,False
us6000qkjt,-22.5784,-67.9279,172.967,-23.31183,-68.2567,141.64168,4.2760677,2025-06-17 03:48:08,2025-06-28,,False
us6000qkhr,-20.3616,-70.2498,42.824,-21.5265,-69.432686,35.328987,4.239355,2025-06-16 22:05:38,2025-06-28,,False
us6000qkge,-24.4752,-66.9748,179.61,-24.878513,-67.40187,150.88002,4.788037,2025-06-16 17:19:18,2025-06-28,,False
us6000qkfl,-22.3399,-68.6815,117.138,-23.040062,-68.420494,101.41356,4.2771435,2025-06-16 08:00:00,2025-06-28,,False
us6000qke5,-20.8872,-66.7215,218.352,-21.723734,-67.27858,177.76381,4.265147,2025-06-16 00:51:24,2025-06-28,,False
us6000qk8i,-20.6041,-70.2517,32.696,-21.654865,-68.98927,34.67406,3.8596244,2025-06-14 14:39:05,2025-06-28,,False
us6000qk12,-31.9437,-70.0102,109.727,-31.343773,-70.04935,88.064735,4.2991405,2025-06-14 01:07:34,2025-06-28,,False
us6000qjpw,-21.6724,-69.1225,98.543,-22.58767,-68.86498,91.67182,4.2563133,2025-06-12 18:53:35,2025-06-28,,False
us6000qjeh,-28.6565,-67.5824,122.516,-28.566612,-68.3053,108.657364,4.2709,2025-06-11 13:05:43,2025-06-28,,False
us6000qjc1,-31.78,-69.3482,110.436,-31.309511,-69.66416,95.39577,4.3588934,2025-06-11 12:59:04,2025-06-28,,False
us6000qj2v,-32.2482,-71.0652,83.251,-31.577326,-70.78029,73.46431,4.266146,2025-06-09 21:50:28,2025-06-28,,False
us6000qizy,-27.8354,-66.9033,147.458,-27.862074,-67.26922,129.30925,4.348033,2025-06-09 16:51:35,2025-06-28,,False
us6000qivj,-22.6815,-66.6347,226.768,-23.374529,-67.48783,178.20502,4.3043394,2025-06-08 21:43:51,2025-06-28,,False
us6000qiu3,-34.4679,-70.387,10.0,-33.173122,-70.47072,12.234623,4.343516,2025-06-08 19:44:11,2025-06-28,,False
us6000qiqd,-21.0683,-68.9398,114.043,-21.873531,-68.56298,98.13252,4.3858356,2025-06-08 11:59:21,2025-06-28,,False
us6000qiln,-42.6422,-74.2493,36.411,-41.22963,-72.699646,28.76592,4.3623133,2025-06-08 04:14:24,2025-06-28,,False
us6000qigd,-26.6404,-70.4136,75.0,-26.753542,-69.09529,70.90174,5.364852,2025-06-07 22:13:24,2025-06-28,,False
us6000qid1,-23.3999,-67.1219,213.09,-24.004227,-67.884766,167.11948,4.2669525,2025-06-07 01:56:04,2025-06-28,,False
us6000qic2,-24.1022,-66.8069,208.368,-24.45733,-67.56689,165.42432,4.2747197,2025-06-06 22:22:48,2025-06-28,,False
us6000qi0p,-24.2761,-66.9994,179.471,-24.574017,-67.58917,146.48846,4.2925506,2025-06-05 19:38:33,2025-06-28,,False
us6000qhsr,-21.4393,-70.3404,28.22,-22.389885,-69.61601,27.16528,4.285349,2025-06-04 17:55:20,2025-06-28,,False
us6000qhmb,-33.0054,-70.4629,104.373,-32.05826,-70.413,88.49982,4.2858014,2025-06-04 09:37:42,2025-06-28,,False
us6000qh7k,-32.0064,-69.265,118.123,-31.397718,-69.528015,96.02809,4.3308687,2025-06-02 06:02:38,2025-06-28,,False
us7000qade,-27.2641,-63.368,564.254,-27.34024810791016,-64.71776580810547,632.1270141601562,4.423986434936523,2025-07-04 02:55:25,2025-07-03 20:21:19.570747,,False
us7000qad7,-21.2657,-67.2411,182.634,-22.3269271850586,-67.32371520996094,152.37628173828125,4.827815055847168,2025-07-04 06:34:30,2025-07-03 20:21:19.997584,,False
us7000qa6c,-23.0783,-66.6971,201.768,-23.719104766845703,-67.6038818359375,161.8844451904297,4.267628192901611,2025-07-03 07:51:25,2025-07-03 20:21:20.426581,,False
us7000qa3y,-33.5723,-72.4855,10.0,-33.073974609375,-70.95064544677734,11.307302474975586,4.9140706062316895,2025-07-03 02:56:21,2025-07-03 20:21:20.849583,,False
us7000qa1z,-30.8762,-71.2608,57.256,-30.68522834777832,-70.80402374267578,45.46493911743164,4.300683975219727,2025-07-02 17:08:16,2025-07-03 20:21:21.291584,,False
us7000q9ui,-32.811,-70.8903,78.075,-31.96332550048828,-70.67243957519531,69.5387954711914,4.293522834777832,2025-07-01 15:20:38,2025-07-03 20:21:21.758576,,False
us7000q9pn,-31.9581,-71.3942,49.164,-31.512487411499023,-70.93748474121094,39.705604553222656,4.329580783843994,2025-07-01 04:30:04,2025-07-03 20:21:22.179574,,False
us7000q9mu,-22.6039,-66.2948,241.472,-23.34806060791016,-67.40839385986328,193.2142333984375,4.280335426330566,2025-07-01 09:27:02,2025-07-03 20:21:22.613576,,False
us6000qi3h,-27.9561,-71.4435,36.51,-27.887901306152344,-70.82103729248047,30.882265090942383,4.279947280883789,2025-06-06 04:58:00,2025-07-03 20:21:23.072583,,False
us6000rgzk,-21.88,-68.64,128.009,-22.746068954467773,-68.41876983642578,117.6840362548828,4.878014087677002,2025-10-15 04:22:02,2025-10-14 16:20:14.423430,,
us6000rgyv,-21.1265,-69.0054,109.869,-22.06603240966797,-68.60951232910156,99.7916488647461,4.2781829833984375,2025-10-14 18:54:33,2025-10-14 16:20:15.671226,,
us6000rgxx,-32.0499,-69.4216,113.255,-31.442846298217773,-69.59855651855469,92.18948364257812,4.322954177856445,2025-10-14 15:35:07,2025-10-14 16:20:16.848461,,
us6000rguj,-21.9944,-68.7016,119.031,-22.81963539123535,-68.54618072509766,105.0821304321289,4.269378185272217,2025-10-14 05:18:59,2025-10-14 16:20:18.163035,,
us6000rgsu,-30.6574,-71.6865,33.631,-30.220935821533203,-70.74220275878906,30.603836059570312,4.246152877807617,2025-10-14 02:22:49,2025-10-14 16:20:19.485103,,
us6000rgsr,-30.6656,-71.6729,33.958,-30.45005798339844,-71.04448699951172,30.85381507873535,4.266696929931641,2025-10-13 20:40:27,2025-10-14 16:20:20.749819,,
us6000rgra,-32.6039,-70.1041,111.283,-31.781747817993164,-70.15348052978516,91.88610076904295,4.290481090545654,2025-10-13 13:14:54,2025-10-14 16:20:21.877789,,
us6000rfrq,-30.9045,-67.0711,36.112,-30.43619728088379,-68.48810577392578,30.83700942993164,4.278001308441162,2025-10-10 06:42:21,2025-10-14 16:20:22.958483,,
us6000rfmt,-24.2533,-67.0237,167.18,-24.58564186096192,-67.57974243164062,137.27902221679688,4.283258438110352,2025-10-09 13:39:03,2025-10-14 16:20:24.104566,,
us6000rf1p,-31.2528,-71.4256,27.259,-30.90785217285156,-70.94841766357422,24.407854080200195,4.298504829406738,2025-10-07 03:36:11,2025-10-14 16:20:25.233650,,
us6000rf03,-33.3296,-70.2239,6.85,-32.263954162597656,-70.18181610107422,12.141545295715332,4.351353645324707,2025-10-06 20:09:52,2025-10-14 16:20:26.396913,,
us6000res5,-21.9558,-68.6536,122.224,-22.83555221557617,-68.7173080444336,108.06141662597656,4.249223709106445,2025-10-05 07:44:09,2025-10-14 16:20:27.549322,,
us6000recz,-27.0636,-63.5228,571.146,-27.372568130493164,-64.65550994873047,635.572998046875,5.358665943145752,2025-10-03 21:39:23,2025-10-14 16:20:28.727638,,
us6000re62,-30.6637,-71.8514,19.467,-30.73169708251953,-70.4159164428711,19.460294723510746,5.034407615661621,2025-10-03 12:23:56,2025-10-14 16:20:29.871837,,
us6000rdws,-21.3119,-68.9589,102.815,-21.929811477661133,-68.8372802734375,92.72676849365234,4.433475494384766,2025-10-01 20:36:54,2025-10-14 16:20:30.938338,,
us6000rdnj,-32.5992,-70.5592,21.856,-31.76032257080078,-70.42219543457031,22.126026153564453,4.331382751464844,2025-09-30 18:05:03,2025-10-14 16:20:32.032635,,
us6000rdma,-22.0098,-68.7945,102.257,-22.848751068115234,-68.66651153564453,95.56752014160156,4.2591552734375,2025-09-30 17:58:12,2025-10-14 16:20:32.784981,,
us6000rdii,-23.039,-68.2207,158.822,-23.747783660888672,-68.54851531982422,137.88192749023438,4.2566633224487305,2025-09-30 04:02:42,2025-10-14 16:20:33.454742,,
us6000rdhs,-32.3235,-71.9585,30.0,-31.78336334228516,-71.28350067138672,24.81617546081543,4.275429725646973,2025-09-30 04:27:57,2025-10-14 16:20:34.158788,,
us6000rdhh,-19.5226,-69.582,34.106,-20.691802978515625,-69.3280258178711,32.74929428100586,4.286098480224609,2025-09-29 19:56:30,2025-10-14 16:20:34.901711,,
us6000rde6,-21.1721,-68.6675,122.735,-22.060253143310547,-68.42324829101562,105.65271759033205,4.266820907592773,2025-09-29 07:14:58,2025-10-14 16:20:35.697378,,
us6000rddw,-29.1489,-71.0892,52.091,-29.12845993041992,-70.65302276611328,42.09895324707031,4.259307861328125,2025-09-29 01:26:05,2025-10-14 16:20:36.364766,,
us6000rdam,-21.1828,-68.77,112.361,-22.11363220214844,-68.51439666748047,100.50189971923828,4.258362293243408,2025-09-28 11:21:33,2025-10-14 16:20:37.059016,,
us6000rcx0,-31.6774,-71.7314,31.651,-31.251996994018555,-71.131591796875,26.16368865966797,4.291367530822754,2025-09-26 15:25:18,2025-10-14 16:20:37.776188,,
us6000rcw8,-19.5034,-69.3284,106.938,-20.922775268554688,-68.71869659423828,104.3657684326172,4.840508460998535,2025-09-26 15:39:41,2025-10-14 16:20:38.437036,,
us6000rcm3,-21.5553,-66.4828,226.641,-22.39324188232422,-67.48563385009766,185.17987060546875,4.243820667266846,2025-09-26 11:40:09,2025-10-14 16:20:39.118656,,
us6000rcid,-22.1144,-68.9678,106.04,-23.014184951782227,-69.0423355102539,97.6171875,4.22022819519043,2025-09-25 10:02:36,2025-10-14 16:20:39.832672,,
us6000rci7,-26.9561,-71.5027,23.893,-26.842754364013672,-70.81594848632812,21.512916564941406,4.2830729484558105,2025-09-25 09:01:56,2025-10-14 16:20:40.559928,,
us6000rcgf,-22.0992,-68.9688,105.123,-22.8662166595459,-68.6451644897461,95.169921875,4.284504890441895,2025-09-24 23:40:44,2025-10-14 16:20:41.351094,,
us6000rcgd,-23.8183,-69.1031,103.061,-24.37299156188965,-68.56536865234375,95.13467407226562,4.797746181488037,2025-09-25 02:28:03,2025-10-14 16:20:42.049386,,
us6000rccs,-22.8374,-69.1826,83.721,-23.39310646057129,-69.29009246826172,77.80583190917969,4.286738395690918,2025-09-24 17:15:45,2025-10-14 16:20:42.800490,,
us6000rc8h,-22.1481,-67.3488,167.849,-22.919124603271484,-67.83396911621094,136.6802215576172,4.2838544845581055,2025-09-24 01:50:05,2025-10-14 16:20:43.516636,,
us6000rc7s,-40.1291,-74.9702,9.65,-38.41896438598633,-72.86255645751953,10.406537055969238,4.890511989593506,2025-09-24 00:48:27,2025-10-14 16:20:44.255916,,
us6000rc6r,-24.2281,-67.5944,191.011,-24.56266021728516,-68.02770233154297,149.97705078125,4.2717108726501465,2025-09-23 19:42:43,2025-10-14 16:20:44.991418,,
us6000rc69,-19.59,-69.4249,104.369,-20.800756454467773,-68.96861267089844,98.5751724243164,4.223522186279297,2025-09-23 17:14:17,2025-10-14 16:20:45.699079,,
us7000qxnx,-31.9244,-66.9156,138.171,-31.49298667907715,-67.94319915771484,116.14254760742188,4.3829345703125,2025-09-22 05:33:36,2025-10-14 16:20:46.386130,,
us7000qxlv,-19.3927,-69.1511,10.0,-20.6835880279541,-69.18466186523438,17.473960876464844,4.2574462890625,2025-09-21 23:26:03,2025-10-14 16:20:47.071547,,
us7000qxkg,-23.4386,-68.4177,101.406,-24.101451873779297,-68.68479919433594,93.05315399169922,4.277766704559326,2025-09-21 10:12:46,2025-10-14 16:20:47.779751,,
us7000qxil,-21.2838,-66.6462,228.019,-22.04204368591309,-67.24182891845703,184.0082092285156,4.282134056091309,2025-09-21 01:28:12,2025-10-14 16:20:48.436492,,
us7000qx9c,-28.3973,-69.1358,97.573,-28.435585021972656,-68.90576171875,78.53938293457031,4.382289886474609,2025-09-20 05:52:11,2025-10-14 16:20:49.132169,,
us7000qx7a,-20.2187,-69.2907,93.77,-21.352876663208008,-68.76296997070312,85.84791564941406,4.852642059326172,2025-09-20 03:20:26,2025-10-14 16:20:49.847034,,
us7000qx1v,-32.8795,-69.3378,124.428,-31.991573333740234,-69.57113647460938,99.55181121826172,4.310662269592285,2025-09-19 13:56:43,2025-10-14 16:20:50.521653,,
us7000qwky,-22.8107,-70.3668,35.0,-23.59574508666992,-69.72994232177734,29.992881774902344,4.250948905944824,2025-09-17 18:30:27,2025-10-14 16:20:51.172473,,
us7000qwke,-21.0706,-68.5838,134.912,-21.990463256835938,-68.35033416748047,114.46609497070312,4.265031814575195,2025-09-17 15:53:11,2025-10-14 16:20:51.858456,,
us7000qwea,-21.635,-68.4076,121.731,-22.512863159179688,-68.42921447753906,106.704833984375,4.250709056854248,2025-09-16 17:50:19,2025-10-14 16:20:52.537762,,
us7000qwdr,-20.0735,-69.1103,108.936,-21.15725326538086,-68.68192291259766,102.26583099365234,4.32993221282959,2025-09-16 16:30:29,2025-10-14 16:20:53.185134,,
us7000qwa0,-33.4325,-71.9363,31.625,-32.52040481567383,-71.30489349365234,27.41033172607422,4.306696891784668,2025-09-16 05:59:00,2025-10-14 16:20:53.898801,,
us7000qw8c,-27.8953,-72.0907,25.457,-27.843883514404297,-71.21490478515625,21.272804260253903,4.277579307556152,2025-09-16 00:46:57,2025-10-14 16:20:54.619034,,
us7000qw61,-32.1463,-71.879,32.307,-31.60239791870117,-71.23651123046875,26.509790420532227,4.302206039428711,2025-09-15 08:57:42,2025-10-14 16:20:55.323989,,
us7000qw4d,-20.5372,-70.0621,38.731,-21.59908676147461,-68.82365417480469,39.85237121582031,3.8864595890045166,2025-09-15 02:52:27,2025-10-14 16:20:56.061188,,
us7000qw2i,-22.893,-66.3295,226.514,-23.56455039978028,-67.3844985961914,178.8011016845703,4.291565895080566,2025-09-14 21:39:01,2025-10-14 16:20:56.767482,,
us7000qvzk,-24.1662,-66.8788,178.818,-24.56975746154785,-67.53964233398438,142.73245239257812,4.341512680053711,2025-09-14 08:21:51,2025-10-14 16:20:57.470201,,
us7000qvz5,-24.1894,-67.0604,178.886,-24.553653717041016,-67.61618041992188,142.798583984375,4.289209842681885,2025-09-14 06:48:32,2025-10-14 16:20:58.156340,,
us7000qvvh,-24.2635,-67.0219,186.192,-24.58957862854004,-67.59528350830078,148.85342407226562,4.272610664367676,2025-09-13 19:39:36,2025-10-14 16:20:58.877754,,
us7000qvmp,-28.6186,-70.2984,102.684,-28.547304153442383,-70.05631256103516,84.25560760498047,4.272551536560059,2025-09-13 01:55:23,2025-10-14 16:20:59.597661,,
us7000qvm9,-24.0786,-67.0728,182.609,-24.44864845275879,-67.68297576904297,147.65757751464844,4.270585536956787,2025-09-12 22:55:35,2025-10-14 16:21:00.286254,,
us7000qvlg,-22.9046,-66.6358,217.95,-23.5757999420166,-67.5295639038086,170.7620849609375,4.285923004150391,2025-09-12 20:59:50,2025-10-14 16:21:00.998362,,
us7000qvis,-21.5965,-68.5632,134.03,-22.5021915435791,-68.5039291381836,114.94184112548828,4.254896640777588,2025-09-12 14:16:30,2025-10-14 16:21:01.725347,,
us7000qvii,-32.0933,-69.4191,119.797,-31.420066833496094,-69.5496826171875,96.4286117553711,4.303257465362549,2025-09-12 13:46:37,2025-10-14 16:21:02.441422,,
us7000qvd0,-24.1555,-66.7645,192.182,-24.49238586425781,-67.36811828613281,163.62905883789062,4.281563758850098,2025-09-11 19:24:33,2025-10-14 16:21:03.150590,,
us7000qv5m,-19.4649,-66.7624,253.807,-20.65732383728028,-67.24398040771484,203.4701232910156,4.273303031921387,2025-09-10 18:44:54,2025-10-14 16:21:03.855881,,
us7000qv1g,-24.2893,-67.1581,174.986,-24.600378036499023,-67.6707534790039,141.91952514648438,4.274303436279297,2025-09-10 12:48:03,2025-10-14 16:21:04.559620,,
us7000qv1e,-29.5844,-71.9741,13.97,-29.22982406616211,-70.83111572265625,14.16652774810791,4.2343950271606445,2025-09-10 19:11:05,2025-10-14 16:21:05.234005,,
us7000quzw,-21.4051,-66.6325,219.565,-22.49630355834961,-66.96932220458984,174.32412719726562,4.92893123626709,2025-09-10 15:34:06,2025-10-14 16:21:05.937136,,
us7000qumm,-20.9612,-69.0134,108.208,-21.856290817260746,-68.58212280273438,97.10662841796876,4.309049129486084,2025-09-08 20:46:18,2025-10-14 16:21:06.619267,,
us7000quj9,-24.3121,-67.2017,172.373,-24.62391662597656,-67.862548828125,141.1439971923828,4.258193016052246,2025-09-08 04:28:04,2025-10-14 16:21:07.291613,,
us7000qui5,-24.32,-67.1008,167.076,-24.62788963317871,-67.60836029052734,137.11380004882812,4.284351348876953,2025-09-08 00:52:30,2025-10-14 16:21:07.953495,,
us7000qufq,-28.2451,-67.4359,111.607,-28.293258666992188,-67.58128356933594,99.89599609375,4.418588638305664,2025-09-07 17:51:33,2025-10-14 16:21:08.610806,,
us7000qucu,-22.8929,-66.869,236.405,-23.58250617980957,-67.72466278076172,183.9824981689453,4.275506019592285,2025-09-07 02:54:11,2025-10-14 16:21:09.267812,,
us7000qu0e,-24.3002,-67.2181,172.993,-24.60320281982422,-67.78712463378906,141.5084228515625,4.274886131286621,2025-09-05 23:49:13,2025-10-14 16:21:09.914391,,
us7000qtzz,-24.2524,-67.5035,179.903,-24.59237289428711,-68.04623413085938,143.30523681640625,4.255208969116211,2025-09-05 21:49:08,2025-10-14 16:21:10.573130,,
us7000qtsr,-21.704,-68.533,139.548,-22.55062484741211,-68.37101745605469,118.19143676757812,4.28066349029541,2025-09-05 14:00:05,2025-10-14 16:21:11.240688,,
us7000qtpj,-24.1304,-67.1572,182.0,-24.67758560180664,-67.51412200927734,151.337890625,4.8082380294799805,2025-09-05 05:58:03,2025-10-14 16:21:11.891295,,
us7000qtpi,-24.3102,-67.0928,172.477,-24.681869506835938,-67.56085205078125,137.10159301757812,4.372697353363037,2025-09-05 01:27:09,2025-10-14 16:21:12.564720,,
us7000qtfr,-19.2153,-69.0791,121.532,-20.50261878967285,-68.69503784179688,105.9530258178711,4.320352554321289,2025-09-04 04:16:18,2025-10-14 16:21:13.226783,,
us7000qtcv,-20.7833,-67.3413,204.816,-21.65376853942871,-67.70933532714844,163.779541015625,4.271489143371582,2025-09-03 17:03:32,2025-10-14 16:21:13.923888,,
us7000qt68,-24.0127,-66.9395,180.802,-24.405181884765625,-67.59051513671875,146.3456573486328,4.284207344055176,2025-09-02 23:40:02,2025-10-14 16:21:14.614367,,
us7000qt0p,-30.654,-71.2748,56.106,-30.493152618408203,-70.74073028564453,45.14223861694336,4.324331283569336,2025-09-02 12:18:04,2025-10-14 16:21:15.311901,,
us7000qsyz,-24.1923,-66.9878,176.971,-24.59468078613281,-67.53815460205078,140.3291015625,4.391233444213867,2025-09-02 06:44:12,2025-10-14 16:21:15.966060,,
us7000qsy1,-22.3919,-68.788,122.433,-23.11637115478516,-68.52571105957031,105.03673553466795,4.277741432189941,2025-09-02 00:49:45,2025-10-14 16:21:16.622637,,
us7000qsvw,-23.5635,-66.7888,199.067,-24.113496780395508,-67.60477447509766,160.144775390625,4.263462066650391,2025-09-02 00:49:09,2025-10-14 16:21:17.267956,,
us7000qstq,-24.2718,-66.9523,181.723,-24.592384338378903,-67.57437133789062,147.08309936523438,4.262052059173584,2025-09-02 03:13:04,2025-10-14 16:21:17.919720,,
us7000qsrf,-33.5949,-71.6632,40.721,-32.644039154052734,-71.16728973388672,35.16526794433594,4.294187068939209,2025-09-01 08:18:22,2025-10-14 16:21:18.590914,,
us7000qsgp,-21.0992,-68.4202,118.003,-22.03196144104004,-68.29293060302734,105.11431121826172,4.262299537658691,2025-08-31 12:02:07,2025-10-14 16:21:19.258829,,
us7000qs8v,-19.9445,-69.908,54.51,-21.24149513244629,-68.55604553222656,47.760501861572266,3.882490158081055,2025-08-30 18:32:17,2025-10-14 16:21:19.946707,,
us7000qryw,-31.5715,-69.5068,116.488,-31.039775848388672,-69.75301361083984,94.32247924804688,4.271429061889648,2025-08-30 15:10:33,2025-10-14 16:21:20.594162,,
us7000qrkh,-22.3676,-65.8268,270.762,-23.075672149658203,-66.93244934082031,209.08328247070312,4.370263576507568,2025-08-29 12:32:14,2025-10-14 16:21:21.249957,,
us7000qr9y,-33.8323,-72.2216,28.09,-32.81315231323242,-71.50360107421875,24.05315017700196,4.292095184326172,2025-08-28 14:01:17,2025-10-14 16:21:21.917365,,
us7000qr0i,-24.0011,-66.9945,167.671,-24.42357635498047,-67.58049011230469,135.84188842773438,4.31475305557251,2025-08-27 09:32:49,2025-10-14 16:21:22.575621,,
us7000qqvr,-21.7903,-68.5845,120.568,-22.55850982666016,-68.39599609375,103.97168731689452,4.302917957305908,2025-08-26 12:59:50,2025-10-14 16:21:23.263239,,
us6000r3k9,-31.0238,-71.9066,31.428,-30.809682846069336,-71.20942687988281,26.9613094329834,4.28417444229126,2025-08-26 02:33:55,2025-10-14 16:21:23.915821,,
us6000r3i2,-32.5071,-71.4842,70.373,-31.84355926513672,-71.02490997314453,61.68553924560547,4.266243934631348,2025-08-25 12:30:01,2025-10-14 16:21:24.572465,,
us6000r3g2,-23.1745,-67.8161,142.253,-23.84745407104492,-68.23287963867188,124.7451629638672,4.268007755279541,2025-08-25 02:33:27,2025-10-14 16:21:25.215449,,
us6000r3fa,-19.3882,-69.3331,97.707,-20.584300994873047,-69.21711730957031,87.84580993652344,4.376664161682129,2025-08-25 03:51:05,2025-10-14 16:21:25.877395,,
us6000r3as,-32.4859,-71.4911,47.457,-31.89764213562012,-70.77841186523438,38.59734344482422,4.27667236328125,2025-08-24 10:03:42,2025-10-14 16:21:26.542578,,
us6000r397,-31.6409,-69.4685,109.83,-31.057165145874023,-69.63199615478516,91.18717956542967,4.291501998901367,2025-08-23 22:09:33,2025-10-14 16:21:27.202207,,
us6000r37j,-30.2701,-67.4064,30.9,-30.49616813659668,-67.86234283447266,25.47335433959961,4.861278533935547,2025-08-23 21:40:22,2025-10-14 16:21:27.889595,,
us6000r2zf,-23.9974,-66.5944,194.469,-24.398975372314453,-67.42621612548828,157.0196533203125,4.276360511779785,2025-08-23 02:40:37,2025-10-14 16:21:28.564427,,
us6000r2rf,-21.6473,-68.3281,148.798,-22.46489715576172,-68.21796417236328,122.70501708984376,4.267883777618408,2025-08-22 04:10:01,2025-10-14 16:21:29.351293,,
us6000r2rc,-21.5838,-68.242,131.104,-22.438251495361328,-68.2082748413086,113.0123062133789,4.26070499420166,2025-08-22 03:31:56,2025-10-14 16:21:30.047444,,
us6000r22b,-30.5669,-70.8145,81.833,-30.29643440246582,-70.44893646240234,72.38935852050781,4.285531520843506,2025-08-20 10:58:59,2025-10-14 16:21:30.838051,,
us6000r1z2,-29.7113,-71.3402,41.074,-29.639047622680664,-70.82808685302734,34.878807067871094,4.26704216003418,2025-08-19 19:01:27,2025-10-14 16:21:31.632367,,
us6000r1rx,-19.2459,-69.0341,115.609,-20.49793243408203,-68.68006134033203,105.11759185791016,4.244266986846924,2025-08-18 16:16:56,2025-10-14 16:21:32.589439,,
us6000r1ri,-22.6794,-66.311,241.728,-23.63735008239746,-67.14006805419922,193.53335571289065,4.839500427246094,2025-08-18 19:17:13,2025-10-14 16:21:33.558243,,
us6000r1p2,-29.8654,-71.6231,38.429,-29.775724411010746,-70.9891586303711,32.372501373291016,4.273266792297363,2025-08-17 23:44:12,2025-10-14 16:21:34.615385,,
us6000r1kf,-20.2339,-68.6438,135.641,-21.344253540039062,-68.560791015625,118.95001220703124,4.249485969543457,2025-08-17 02:33:43,2025-10-14 16:21:35.648685,,
us6000r1j4,-34.539,-73.9152,19.85,-33.47346496582031,-72.55865478515625,16.442020416259766,4.326541900634766,2025-08-16 19:19:39,2025-10-14 16:21:36.458272,,
us6000r1iz,-25.7895,-69.2628,8.8,-25.692771911621094,-69.44229888916016,11.62656021118164,4.292559623718262,2025-08-16 18:55:53,2025-10-14 16:21:37.100114,,
us6000r1it,-31.8526,-68.261,107.368,-31.2034912109375,-68.96259307861328,96.66644287109376,4.28734827041626,2025-08-16 18:16:28,2025-10-14 16:21:37.783825,,
us6000r0w1,-29.9747,-71.1453,86.389,-29.816104888916016,-70.60906219482422,77.22057342529297,4.268696308135986,2025-08-15 21:41:16,2025-10-14 16:21:38.470039,,
us6000r085,-24.4969,-67.9147,130.0,-24.774715423583984,-68.07369995117188,109.72525024414062,4.259605407714844,2025-08-13 19:16:49,2025-10-14 16:21:39.178232,,
us6000r00i,-24.5531,-70.5644,26.298,-24.90326881408692,-70.13040924072266,22.37981605529785,4.258757591247559,2025-08-12 23:02:18,2025-10-14 16:21:39.866289,,
us6000qzzv,-26.9197,-71.1251,22.225,-26.212871551513672,-70.41815948486328,22.117130279541016,4.195384979248047,2025-08-13 00:31:16,2025-10-14 16:21:40.557086,,
us6000qzyw,-26.827,-71.1303,20.051,-26.17255592346192,-70.4003677368164,20.23802375793457,4.215271949768066,2025-08-12 21:57:29,2025-10-14 16:21:41.258597,,
us6000qzvz,-26.8737,-71.1662,21.244,-26.24243354797364,-70.4061279296875,21.05380630493164,4.25567626953125,2025-08-12 21:08:24,2025-10-14 16:21:41.984332,,
us6000qzup,-24.2496,-68.0327,112.499,-24.595590591430664,-68.23143005371094,98.80242156982422,4.253908157348633,2025-08-12 12:25:45,2025-10-14 16:21:42.719631,,
us6000qzt6,-30.6114,-71.8627,24.114,-30.41594314575196,-71.17988586425781,22.852638244628903,4.289145469665527,2025-08-12 09:05:44,2025-10-14 16:21:43.453018,,
us6000qzsd,-21.7698,-68.5327,115.129,-22.3730583190918,-68.64119720458984,102.31014251708984,4.391421318054199,2025-08-12 13:28:23,2025-10-14 16:21:44.181463,,
us6000qz7k,-24.2075,-67.2333,169.312,-24.549354553222656,-67.69999694824219,136.79917907714844,4.276435852050781,2025-08-09 13:53:16,2025-10-14 16:21:44.932292,,
us6000qz1t,-21.4584,-66.6489,237.347,-22.29671669006348,-67.55512237548828,189.81118774414065,4.2523393630981445,2025-08-09 01:05:51,2025-10-14 16:21:45.608523,,
us7000qt1v,-21.2176,-68.4558,136.441,-22.455949783325195,-67.3917236328125,145.08631896972656,4.254422187805176,2025-08-07 23:19:37,2025-10-14 16:21:46.299935,,
us6000qymz,-23.9343,-66.7161,195.058,-24.338956832885746,-67.46875,157.41998291015625,4.295068740844727,2025-08-07 12:46:38,2025-10-14 16:21:47.008606,,
us6000qydl,-22.2384,-68.568,142.402,-22.99519920349121,-68.47542572021484,117.99942016601562,4.259042739868164,2025-08-06 14:26:45,2025-10-14 16:21:47.951582,,
us6000qy7g,-20.0717,-69.273,92.922,-21.24532127380371,-68.90518951416016,88.6144027709961,4.267831802368164,2025-08-06 03:59:10,2025-10-14 16:21:48.931628,,
us6000qy6n,-38.6796,-74.9114,10.0,-37.08173751831055,-73.17471313476562,10.265727043151855,4.365656852722168,2025-08-06 02:01:13,2025-10-14 16:21:49.982771,,
us6000qy6e,-21.9866,-68.6449,104.358,-22.600322723388672,-68.86334991455078,94.55201721191406,4.374177932739258,2025-08-06 07:35:09,2025-10-14 16:21:50.854297,,
us6000qxuv,-22.0927,-68.5618,118.442,-22.89265251159668,-68.64813232421875,102.8002700805664,4.262156486511231,2025-08-04 09:02:50,2025-10-14 16:21:51.782695,,
us6000qxr4,-20.932,-67.5033,177.033,-21.739124298095703,-67.69379425048828,144.89083862304688,4.290848731994629,2025-08-03 17:19:37,2025-10-14 16:21:52.730323,,
us6000qxlg,-29.0429,-71.5543,17.723,-28.49762916564941,-70.64901733398438,16.99392318725586,4.204625129699707,2025-08-03 09:06:04,2025-10-14 16:21:53.610694,,
us6000qxl0,-24.2082,-66.9797,175.427,-24.52884101867676,-67.61637115478516,144.6389617919922,4.288863182067871,2025-08-03 01:08:14,2025-10-14 16:21:54.617367,,
us6000qxkw,-29.7529,-71.8422,27.059,-29.71691131591797,-71.11083984375,23.48358154296875,4.3060302734375,2025-08-03 01:15:51,2025-10-14 16:21:55.588579,,
us6000qxj0,-21.6202,-68.7253,107.557,-22.502960205078125,-68.56683349609375,98.77286529541016,4.267724990844727,2025-08-02 19:03:00,2025-10-14 16:21:56.617591,,
us6000qx8p,-24.5207,-67.5714,178.807,-24.78261947631836,-67.92621612548828,141.51187133789062,4.267068386077881,2025-08-02 04:17:07,2025-10-14 16:21:57.610915,,
us6000qx78,-21.8,-68.6279,121.783,-22.635387420654297,-68.45780181884766,107.27925872802734,4.2777252197265625,2025-08-02 01:43:16,2025-10-14 16:21:58.525764,,
us6000qx3m,-34.028,-70.3976,8.101,-32.97541809082031,-70.35123443603516,13.086313247680664,4.306419372558594,2025-08-01 22:07:57,2025-10-14 16:21:59.399360,,
us6000qwun,-19.4395,-69.5259,96.593,-20.67822456359864,-69.01966094970703,88.91545104980469,4.23411750793457,2025-08-01 23:23:10,2025-10-14 16:22:00.342444,,
us6000qwh7,-24.0951,-66.7639,192.487,-24.51001167297364,-67.46692657470703,151.6319580078125,4.350963592529297,2025-07-31 08:50:37,2025-10-14 16:22:01.237231,,
us6000qw7x,-23.9044,-66.7902,226.072,-24.324892044067383,-67.56280517578125,175.9907684326172,4.26904296875,2025-08-01 00:20:16,2025-10-14 16:22:02.535560,,
us6000qw4s,-23.7033,-66.7788,195.353,-24.20726585388184,-67.52284240722656,154.89576721191406,4.289772033691406,2025-07-30 16:55:00,2025-10-14 16:22:03.605802,,
us6000qvwn,-23.3228,-67.9044,156.468,-23.99228858947754,-68.43815612792969,131.73406982421875,4.250707626342773,2025-07-30 06:54:37,2025-10-14 16:22:04.615808,,
us6000qvuz,-31.7668,-69.7166,113.316,-31.23863220214844,-69.84623718261719,90.6121063232422,4.297913551330566,2025-07-29 21:47:57,2025-10-14 16:22:05.665598,,
us6000qvrv,-32.1142,-70.0243,116.655,-31.46518898010254,-70.1568832397461,92.3905029296875,4.274856090545654,2025-07-29 17:11:23,2025-10-14 16:22:06.703291,,
us6000qvhp,-32.7859,-71.9664,15.58,-32.12471389770508,-70.98328399658203,16.581701278686523,4.25132942199707,2025-07-28 11:47:50,2025-10-14 16:22:07.768131,,
us6000qvh8,-29.2807,-71.833,18.954,-29.0002670288086,-70.7390365600586,17.54644775390625,4.336129188537598,2025-07-28 10:56:58,2025-10-14 16:22:08.878950,,
us6000qvgf,-20.7057,-68.7581,128.91,-21.645063400268555,-68.44803619384766,110.69812774658205,4.264472961425781,2025-07-28 06:48:53,2025-10-14 16:22:10.044760,,
us6000qvfz,-35.4292,-71.2382,99.625,-33.92325592041016,-71.00774383544922,84.2054443359375,4.277010917663574,2025-07-28 02:20:54,2025-10-14 16:22:11.084075,,
us6000qvfu,-26.811,-71.2979,22.971,-26.169532775878903,-70.46607208251953,21.713499069213867,4.200677871704102,2025-07-28 05:05:59,2025-10-14 16:22:12.064062,,
us6000qvfh,-20.9565,-70.5112,29.639,-22.03162956237793,-69.70162200927734,28.71421432495117,4.263999938964844,2025-07-28 23:09:18,2025-10-14 16:22:13.092776,,
us6000qvfe,-26.8262,-71.0132,22.223,-26.25613021850586,-70.34803771972656,21.985822677612305,4.30517578125,2025-07-28 04:00:25,2025-10-14 16:22:14.150011,,
us6000qvd1,-21.3156,-67.2314,177.186,-22.04952049255371,-67.55233001708984,140.6025848388672,4.394389152526856,2025-07-27 13:27:13,2025-10-14 16:22:15.193956,,
us6000quzl,-20.0895,-69.9267,27.769,-21.314069747924805,-68.59213256835938,29.06996726989746,3.859900712966919,2025-07-26 01:03:59,2025-10-14 16:22:16.135999,,
us6000quz3,-22.2542,-68.4574,112.746,-23.029613494873047,-68.53260040283203,100.59320831298828,4.24812126159668,2025-07-26 01:12:59,2025-10-14 16:22:17.020119,,
us6000quiv,-22.1968,-68.648,106.106,-23.003936767578125,-68.35858154296875,101.50415802001952,4.908804416656494,2025-07-25 01:53:07,2025-10-14 16:22:17.880494,,
us6000qudg,-21.4368,-66.7089,226.33,-22.176176071166992,-67.30664825439453,173.5421142578125,4.415010452270508,2025-07-24 09:56:35,2025-10-14 16:22:18.774373,,
us6000qucj,-22.8642,-66.5065,208.166,-23.535064697265625,-67.46646881103516,168.44268798828125,4.277666091918945,2025-07-24 08:04:06,2025-10-14 16:22:19.669326,,
us6000qu5d,-19.4061,-66.7365,248.695,-20.54498291015625,-67.09581756591797,198.97335815429688,4.283804893493652,2025-07-23 10:07:48,2025-10-14 16:22:20.560851,,
us6000qu1a,-26.1553,-69.1344,100.155,-25.69113540649414,-69.27318572998047,85.87928771972656,4.28787899017334,2025-07-23 00:06:39,2025-10-14 16:22:21.427009,,
us7000qe8i,-22.9993,-69.2189,108.282,-23.621183395385746,-68.76714324951172,91.58860778808594,4.258722305297852,2025-07-22 05:26:57,2025-10-14 16:22:22.483807,,
us7000qe85,-20.0652,-70.2102,58.421,-21.232919692993164,-69.20846557617188,46.31437683105469,4.237463474273682,2025-07-22 09:13:27,2025-10-14 16:22:23.495323,,
us7000qe72,-33.1967,-70.1194,104.314,-32.21083450317383,-70.24616241455078,89.55747985839844,4.288042068481445,2025-07-22 00:13:14,2025-10-14 16:22:24.519016,,
us7000qe6c,-23.8733,-68.3455,122.55,-24.33075904846192,-68.3475570678711,103.92323303222656,4.27021074295044,2025-07-21 21:30:09,2025-10-14 16:22:25.449192,,
us7000qe64,-19.5757,-68.9497,122.804,-20.723630905151367,-68.60395812988281,111.9805145263672,4.262778282165527,2025-07-21 21:02:12,2025-10-14 16:22:26.442216,,
us7000qe38,-20.2152,-69.1538,96.072,-21.32862663269043,-68.79541015625,92.31466674804688,4.252701759338379,2025-07-21 13:17:50,2025-10-14 16:22:27.360492,,
us7000qe1a,-22.8648,-68.8907,102.385,-23.514020919799805,-68.68594360351562,90.39460754394533,4.278489112854004,2025-07-21 07:09:38,2025-10-14 16:22:28.251848,,
us7000qdla,-33.5032,-72.1028,37.971,-32.5850715637207,-71.41165924072266,30.731830596923828,4.281539916992188,2025-07-20 00:32:02,2025-10-14 16:22:29.229334,,
us7000qdin,-24.2488,-67.2783,179.176,-24.571083068847656,-67.73136138916016,143.0430908203125,4.27119255065918,2025-07-19 14:57:28,2025-10-14 16:22:30.159607,,
us7000qdgt,-27.8088,-66.3085,143.072,-27.83791160583496,-66.81954193115234,137.94216918945312,4.328103065490723,2025-07-19 11:04:01,2025-10-14 16:22:31.134807,,
us7000qddv,-22.8178,-68.4882,110.59,-23.508310317993164,-68.54296875,101.61106872558594,4.278619289398193,2025-07-19 04:13:15,2025-10-14 16:22:32.144562,,
us7000qdaj,-24.2908,-69.552,83.535,-24.751785278320312,-68.91706848144531,72.38494873046875,4.823119163513184,2025-07-18 20:00:26,2025-10-14 16:22:33.097485,,
us7000qd7b,-23.9969,-66.7009,196.538,-24.38355255126953,-67.46334838867188,158.2162628173828,4.283126831054688,2025-07-18 07:33:55,2025-10-14 16:22:34.076642,,
us7000qd3a,-37.7369,-73.9014,19.885,-36.104148864746094,-72.60944366455078,16.75676918029785,4.330810546875,2025-07-17 18:58:10,2025-10-14 16:22:35.008647,,
us7000qcz9,-28.1395,-70.8273,60.1,-27.543642044067383,-70.180908203125,49.47162628173828,4.465737342834473,2025-07-17 15:24:18,2025-10-14 16:22:36.024183,,
us7000qcz4,-37.9039,-73.6818,16.673,-36.34074401855469,-72.18585968017578,14.48562240600586,4.260166168212891,2025-07-17 12:25:40,2025-10-14 16:22:37.282243,,
us7000qcyy,-21.4276,-68.6174,126.387,-22.32123756408692,-68.46640014648438,109.5399932861328,4.257555961608887,2025-07-17 05:43:15,2025-10-14 16:22:38.882795,,
us7000qcvy,-24.31,-67.2445,187.979,-24.60604476928711,-67.70187377929688,149.41427612304688,4.280647277832031,2025-07-16 16:19:32,2025-10-14 16:22:40.039156,,
us7000qcvr,-22.2697,-66.1409,238.209,-22.98674201965332,-67.10594940185547,190.20382690429688,4.325518131256104,2025-07-16 15:13:17,2025-10-14 16:22:41.275675,,
us7000qcgs,-22.5717,-67.6221,164.474,-23.29540634155273,-68.0342788696289,134.9248046875,4.308579921722412,2025-07-14 16:30:54,2025-10-14 16:22:42.476109,,
us7000qcgg,-20.0941,-69.0459,110.96,-21.185976028442383,-68.68883514404297,106.0674285888672,4.261840343475342,2025-07-14 15:04:43,2025-10-14 16:22:44.339527,,
us7000qcd6,-24.1879,-66.7496,182.238,-24.568750381469727,-67.43181610107422,146.20460510253906,4.330948352813721,2025-07-14 01:35:31,2025-10-14 16:22:45.585612,,
us7000qccj,-22.5933,-68.0144,153.524,-23.3618106842041,-68.466552734375,131.51641845703125,4.245058059692383,2025-07-13 21:27:07,2025-10-14 16:22:46.788831,,
us7000qc7z,-32.1158,-68.3992,126.63,-31.818323135375977,-68.89735412597656,109.4367904663086,4.580230712890625,2025-07-13 07:15:39,2025-10-14 16:22:47.953289,,
us7000qc6v,-21.1525,-68.5408,118.959,-22.01099967956543,-68.26136779785156,104.37379455566406,4.276363849639893,2025-07-12 22:31:14,2025-10-14 16:22:49.010148,,
us7000qbxu,-23.4655,-66.409,207.267,-24.01580619812012,-67.3743667602539,167.74598693847656,4.292037010192871,2025-07-11 18:23:40,2025-10-14 16:22:49.961712,,
us7000qbn2,-27.1666,-63.3263,575.164,-27.289474487304688,-64.4876708984375,637.58203125,5.410079956054688,2025-07-10 20:38:20,2025-10-14 16:22:50.928929,,
us7000qbjg,-22.9061,-66.7678,213.249,-23.59821510314941,-67.7414779663086,170.4425811767578,4.257816314697266,2025-07-10 04:24:47,2025-10-14 16:22:51.897233,,
us7000qb7e,-19.2936,-66.8751,245.363,-20.505083084106445,-67.20320129394531,191.21823120117188,4.332937240600586,2025-07-08 13:30:51,2025-10-14 16:22:52.970206,,
us7000qb34,-22.413,-68.6547,109.114,-23.12623405456543,-68.47637176513672,97.10353088378906,4.272134304046631,2025-07-08 01:15:27,2025-10-14 16:22:54.011027,,
us7000qb1f,-31.7194,-71.7969,32.539,-31.310401916503903,-71.17925262451172,26.617956161499023,4.305199146270752,2025-07-07 12:34:31,2025-10-14 16:22:55.098086,,
us7000qaur,-21.2729,-68.6471,115.328,-22.145421981811523,-68.40535736083984,101.97452545166016,4.270890235900879,2025-07-06 13:23:56,2025-10-14 16:22:56.160576,,
us7000qaud,-24.8235,-70.2634,61.143,-24.76485061645508,-69.98137664794922,48.80558013916016,4.240756034851074,2025-07-06 16:35:33,2025-10-14 16:22:57.155922,,
us7000qal4,-23.207,-67.8723,135.65,-23.88725852966309,-68.41212463378906,120.32275390625,4.2553324699401855,2025-07-05 02:13:24,2025-10-14 16:22:58.136061,,
us7000qajk,-20.6062,-66.723,231.896,-21.446338653564453,-67.13026428222656,184.5765991210937,4.342273235321045,2025-07-04 19:20:55,2025-10-14 16:22:59.149580,,
us7000qc32,-33.6161,-72.6841,10.0,-32.685482025146484,-71.73426818847656,10.428277969360352,4.324645042419434,2025-07-02 21:04:08,2025-10-14 16:23:00.166069,,
us7000q99g,-22.7464,-70.6559,52.352,-23.5505313873291,-69.98078155517578,40.92325592041016,4.219020843505859,2025-06-30 18:19:50,2025-10-14 16:23:01.206559,,
us7000q918,-23.994,-69.4871,88.807,-24.40679931640625,-68.97340393066406,74.94961547851562,4.260688781738281,2025-06-28 19:55:40,2025-10-14 16:23:02.265098,,
us6000qlwr,-29.3547,-68.2498,24.5,-29.25822639465332,-68.9301986694336,20.155073165893555,4.283004760742188,2025-06-24 00:54:44,2025-10-14 16:23:03.346118,,
us6000qlk8,-29.1431,-68.8739,22.369,-29.07415771484375,-68.97422790527344,19.3049430847168,4.319615364074707,2025-06-21 22:34:59,2025-10-14 16:23:04.384636,,
us6000ql67,-21.2285,-68.7168,117.126,-22.09905815124512,-68.39984893798828,103.18804168701172,4.275379180908203,2025-06-19 22:59:44,2025-10-14 16:23:05.408076,,
us6000qkyp,-21.0773,-69.0136,108.812,-21.99994659423828,-68.63321685791016,98.63948822021484,4.267097473144531,2025-06-18 23:58:03,2025-10-14 16:23:06.428112,,
us6000qk02,-32.6819,-71.8419,27.573,-32.06142807006836,-71.24888610839844,22.59174537658692,4.297904968261719,2025-06-13 20:13:52,2025-10-14 16:23:07.598381,,
us6000qhyd,-20.9406,-67.5152,188.964,-21.73385238647461,-67.70409393310547,151.7339324951172,4.288239002227783,2025-06-05 15:12:31,2025-10-14 16:23:08.715147,,
